1;genesis;7;1
2;schöpfung;9;1
3;ps;2;1
4;schwebte;8;1
5;scheide;7;1
6;sammle;6;1
7;besondere;9;1
8;sammlung;8;1
9;fruchtbare;10;1
10;scheiden;8;1
11;scheinen;8;1
12;kleines;7;1
13;schienen;8;1
14;regierten;9;1
15;schieden;8;1
16;wimmle;6;1
17;lebendigem;10;1
18;walfische;9;1
19;webt;4;1
20;gefiederten;11;1
21;erfüllet;8;1
22;fünfte;6;1
23;erdbodens;9;1
24;lasset;6;1
25;bild;4;1
26;machet;6;1
27;herrschet;9;1
28;sehet;5;1
29;pflanzen;8;1
30;vollendete;10;1
31;werke;5;1
32;heiligte;8;1
33;paradies;8;1
34;sträucher;9;1
35;nebel;5;1
36;feuchtete;9;1
37;nase;4;1
38;wesen;5;1
39;aufwachsen;10;1
40;anzusehen;9;1
41;bewässern;9;1
42;hauptarme;9;1
43;pischon;7;1
44;kostbar;7;1
45;bedolachharz;12;1
46;edelstein;9;1
47;schoham;7;1
48;gihon;5;1
49;bewahrte;8;1
50;darfst;6;1
51;issest;6;1
52;nennte;6;1
53;vogel;5;1
54;tiefen;6;1
55;rippen;6;1
56;rippe;5;1
57;versucht;8;1
58;hebräisches;11;1
59;schämten;8;1
60;sündenfall;10;1
61;listiger;8;1
62;baumes;6;1
63;rühret;6;1
64;sterbet;7;1
65;keineswegs;10;1
66;lust;4;1
67;klug;4;1
68;flochten;8;1
69;feigenblätter;13;1
70;schurze;7;1
71;kühl;4;1
72;zugesellt;9;1
73;betrog;6;1
74;verstoßen;9;1
75;bauche;6;1
76;kriechen;8;1
77;feindschaft;11;1
78;kopf;4;1
79;zertreten;9;1
80;stechen;7;1
81;mühen;5;1
82;dornen;6;1
83;disteln;7;1
84;schweiße;8;1
85;angesichts;10;1
86;röcke;5;1
87;fellen;6;1
88;unsereiner;10;1
89;ausstrecke;10;1
90;breche;6;1
91;lebe;4;1
92;ewiglich;8;1
93;wies;4;1
94;cherubim;8;1
95;flammenden;10;1
96;blitzenden;10;1
97;bewachen;8;1
98;brudermord;10;1
99;hilfe;5;1
100;schäfer;7;1
101;etlicher;8;1
102;erstlingen;10;1
103;ergrimmte;9;1
104;ergrimmst;9;1
105;senkst;6;1
106;lauert;6;1
107;verlangen;9;1
108;herrsche;8;1
109;hüter;5;1
110;blutes;6;1
111;schreit;7;1
112;empfangen;9;1
113;bebauen;7;1
114;strafe;6;1
115;übersetzte;10;1
116;möge;4;1
117;treibst;7;1
118;siebenfältig;12;1
119;erschlüge;9;1
120;nod;3;1
121;jabal;5;1
122;jubal;5;1
123;zither;6;1
124;flötenspieler;13;1
125;erz;3;1
126;eisenschmiede;13;1
127;naama;5;1
128;weiber;6;1
129;lamechs;7;1
130;merkt;5;1
131;erschlug;8;1
132;wunde;5;1
133;beule;5;1
134;siebenundsiebzigmal;19;1
135;anzurufen;9;1
136;aadams;6;1
137;hebräisch;9;1
138;eigenname;9;1
139;gattungsname;12;1
140;gebraucht;9;1
141;gezeugt;7;1
142;menschentöchter;15;1
143;begannen;8;1
144;welche;6;1
145;walten;6;1
146;lebenszeit;10;1
147;später;6;1
148;daraus;6;1
149;riesen;6;1
150;helden;6;1
151;vorzeit;7;1
152;hochberühmten;13;1
153;ankündigung;11;1
154;erwählung;9;1
155;bau;3;1
156;reute;5;1
157;bekümmerte;10;1
158;reut;4;1
159;frommer;7;1
160;tadel;5;1
161;fleisches;9;1
162;beschlossen;11;1
163;kasten;6;1
164;tannenholz;10;1
165;kammern;7;1
166;verpiche;8;1
167;pech;4;1
168;innen;5;1
169;außen;5;1
170;höhe;4;1
171;obenan;6;1
172;elle;4;1
173;stockwerke;10;1
174;unten;5;1
175;hineingehen;11;1
176;diene;5;1
177;erfunden;8;1
178;lebendige;9;1
179;sechshundert;12;1
180;vergangen;9;1
181;sechshundertsten;16;1
182;fittiche;8;1
183;empor;5;1
184;hohen;5;1
185;fünfzehn;8;1
186;hoch;4;1
187;regte;5;1
188;wildem;6;1
189;wimmelte;8;1
190;trockenen;9;1
191;gewaltig;8;1
192;wind;4;1
193;fenstern;8;1
194;gewehrt;7;1
195;verliefen;9;1
196;ararat;6;1
197;spitzen;7;1
198;raben;5;1
199;flog;4;1
200;vertrockneten;13;1
201;erfahren;8;1
202;ruhen;5;1
203;abendzeit;9;1
204;ölblatt;7;1
205;abgebrochen;11;1
206;schnabel;8;1
207;sechshundertundersten;21;1
208;vertrocknet;11;1
209;dach;4;1
210;trocken;7;1
211;siebenundzwanzigsten;20;1
212;seinesgleichen;14;1
213;lieblichen;10;1
214;menschlichen;12;1
215;schlagen;8;1
216;solange;7;1
217;sommer;6;1
218;winter;6;1
219;furcht;6;1
220;fischen;7;1
221;regt;4;1
222;rächen;6;1
223;menschenblut;12;1
224;vergossen;9;1
225;reget;5;1
226;geschlossen;11;1
227;wetterwolken;12;1
228;gedenken;8;1
229;ansehe;6;1
230;weinberg;8;1
231;trunken;7;1
232;rückwärts;9;1
233;deckten;7;1
234;abgewandt;9;1
235;sähen;5;1
236;rausch;6;1
237;dreihundertundfünfzig;21;1
238;neunhundertundfünfzig;21;1
239;völkertafel;11;1
240;gomer;5;1
241;magog;5;1
242;madai;5;1
243;jawan;5;1
244;tubal;5;1
245;meschech;8;1
246;tiras;5;1
247;gomers;6;1
248;aschkenas;9;1
249;rifat;5;1
250;togarma;7;1
251;jawans;6;1
252;elischa;7;1
253;tarsis;6;1
254;kittäer;7;1
255;rodaniter;9;1
256;bewohner;8;1
257;inseln;6;1
258;heiden;6;1
259;put;3;1
260;seba;4;1
261;sabta;5;1
262;ragma;5;1
263;sabtecha;8;1
264;ragmas;6;1
265;reichs;6;1
266;erech;5;1
267;akkad;5;1
268;kalne;5;1
269;assur;5;1
270;rehobotir;9;1
271;resen;5;1
272;luditer;7;1
273;anamiter;8;1
274;lehabiter;9;1
275;naftuhiter;10;1
276;patrositer;10;1
277;kasluhiter;10;1
278;kaftoriter;10;1
279;het;3;1
280;hiwiter;7;1
281;arkiter;7;1
282;siniter;7;1
283;zemariter;9;1
284;hamatiter;9;1
285;nachher;7;1
286;grenzen;7;1
287;gaza;4;1
288;lescha;6;1
289;ebers;5;1
290;älterem;7;1
291;aram;4;1
292;arams;5;1
293;hul;3;1
294;geter;5;1
295;masch;5;1
296;zerteilt;8;1
297;almodad;7;1
298;schelef;7;1
299;hazarmawet;10;1
300;jerach;6;1
301;hadoram;7;1
302;usal;4;1
303;dikla;5;1
304;obal;4;1
305;abimaël;7;1
306;ofir;4;1
307;joktans;7;1
308;wohnsitze;9;1
309;mescha;6;1
310;sefar;5;1
311;turmbau;7;1
312;zunge;5;1
313;streichen;9;1
314;brennen;7;1
315;erdharz;7;1
316;mörtel;6;1
317;menschenkinder;14;1
318;bauten;6;1
319;tuns;4;1
320;verwehrt;8;1
321;vorgenommen;11;1
322;herniederfahren;15;1
323;verwirren;9;1
324;verstehe;8;1
325;zerstreute;10;1
326;verwirrt;8;1
327;jiska;5;1
328;zweihundertundfünf;18;1
329;berufung;8;1
330;zeigen;6;1
331;fünfundsiebzig;14;1
332;durchzog;8;1
333;more;4;1
334;brach;5;1
335;aufhielte;9;1
336;schönes;7;1
337;wohlgehe;8;1
338;plagte;6;1
339;sagtest;7;1
340;bestellte;9;1
341;seinetwillen;12;1
342;geleiteten;10;1
343;trennen;7;1
344;früher;6;1
345;errichtet;9;1
346;ertragen;8;1
347;trenne;6;1
348;besah;5;1
349;wasserreich;11;1
350;erwählte;8;1
351;trennte;7;1
352;unteren;7;1
353;sündigten;9;1
354;getrennt;8;1
355;wohnst;6;1
356;durchzieh;9;1
357;arjochs;7;1
358;kedor;5;1
359;laomers;7;1
360;tidals;6;1
361;bera;4;1
362;birscha;7;1
363;schinab;7;1
364;schemeber;9;1
365;salzmeer;8;1
366;abgefallen;10;1
367;vierzehnten;11;1
368;aschterotkarnajim;17;1
369;susiter;7;1
370;emiter;6;1
371;kirjatajim;10;1
372;elparan;7;1
373;stößt;5;1
374;enmischpat;10;1
375;amalekiter;10;1
376;hazezontamar;12;1
377;rüsteten;8;1
378;tidal;5;1
379;arjoch;6;1
380;übrigblieb;10;1
381;vorräte;7;1
382;brudersohn;10;1
383;entronnen;9;1
384;mamres;6;1
385;amoriters;9;1
386;wappnete;8;1
387;dreihundertundachtzehn;22;1
388;schar;5;1
389;hoba;4;1
390;nördlich;8;1
391;zurückkam;9;1
392;sieg;4;1
393;königstal;9;1
394;melchisedek;11;1
395;salem;5;1
396;höchste;7;1
397;schuhriemen;11;1
398;sagest;6;1
399;habest;6;1
400;verheißt;8;1
401;gewährt;7;1
402;schild;6;1
403;elïser;6;1
404;gen;3;1
405;zähle;5;1
406;zahlreich;9;1
407;rechnete;8;1
408;gerechtigkeit;13;1
409;woran;5;1
410;kuh;3;1
411;ziege;5;1
412;dreijährigen;12;1
413;turteltaube;11;1
414;raubvögel;9;1
415;stücke;6;1
416;scheuchte;9;1
417;tiefer;6;1
418;überfiel;8;1
419;zwingen;7;1
420;ausziehen;9;1
421;gutem;5;1
422;menschenaltern;14;1
423;aamoriter;9;1
424;rauchender;10;1
425;feuerflamme;11;1
426;stücken;7;1
427;keniter;7;1
428;kenasiter;9;1
429;kadmoniter;10;1
430;verschlossen;12;1
431;achtete;7;1
432;unrecht;7;1
433;geschieht;9;1
434;geachtet;8;1
435;demütigen;9;1
436;wasserquelle;12;1
437;demütige;8;1
438;gezählt;7;1
439;wilder;6;1
440;hergesehen;10;1
441;bered;5;1
442;sechsundachtzig;15;1
443;neue;4;1
444;beschneidung;12;1
445;ewigem;6;1
446;aalles;6;1
447;knäblein;8;1
448;wenns;5;1
449;irgendwelchen;13;1
450;männlicher;10;1
451;ausgerottet;11;1
452;gebrochen;9;1
453;neunzig;7;1
454;möchte;6;1
455;nächsten;8;1
456;dreizehn;8;1
457;während;7;1
458;heißesten;9;1
459;aufhob;6;1
460;bissen;6;1
461;labet;5;1
462;weiterziehen;12;1
463;vorübergekommen;15;1
464;maß;3;1
465;feinstes;8;1
466;mehl;4;1
467;knete;5;1
468;backe;5;1
469;zartes;6;1
470;kalb;4;1
471;gabs;4;1
472;bereitete;9;1
473;butter;6;1
474;kalbe;5;1
475;zubereitet;10;1
476;drinnen;7;1
477;pflegen;7;1
478;lacht;5;1
479;meinst;6;1
480;unmöglich;9;1
481;übers;5;1
482;leugnete;8;1
483;fürbitte;8;1
484;geleiten;8;1
485;mächtiges;9;1
486;auserkoren;10;1
487;befehle;7;1
488;verheißen;9;1
489;hinabfahren;11;1
490;tötest;6;1
491;gottlose;8;1
492;asche;5;1
493;weniger;7;1
494;fünfundvierzig;14;1
495;aach;4;1
496;untergang;9;1
497;errettung;9;1
498;herren;6;1
499;kehrt;5;1
500;knechts;7;1
501;brecht;6;1
502;frühmorgens;11;1
503;straße;6;1
504;freien;6;1
505;kehrten;7;1
506;backte;6;1
507;ungesäuerte;11;1
508;umgaben;7;1
509;jung;4;1
510;enden;5;1
511;herausgeben;11;1
512;schatten;8;1
513;dachs;5;1
514;regieren;8;1
515;übler;5;1
516;jene;4;1
517;drangen;7;1
518;hinzuliefen;11;1
519;griffen;7;1
520;blindheit;9;1
521;aufgaben;8;1
522;schwiegersohn;13;1
523;angehört;8;1
524;heiraten;8;1
525;lächerlich;10;1
526;aufging;7;1
527;drängten;8;1
528;ergriffen;9;1
529;verschonen;10;1
530;los;3;1
531;hinausgebracht;14;1
532;aauf;4;1
533;erhieltest;10;1
534;unheil;6;1
535;ereilen;7;1
536;stürbe;6;1
537;fliehen;7;1
538;zerstöre;8;1
539;hineinkommst;12;1
540;aufgegangen;11;1
541;schwefel;8;1
542;einwohner;9;1
543;salzsäule;9;1
544;gestanden;9;1
545;schaute;7;1
546;geleitete;9;1
547;zerstörte;9;1
548;gestern;7;1
549;hineingehst;11;1
550;legst;5;1
551;moab;4;1
552;benammi;7;1
553;aammoniter;10;1
554;ehefrau;7;1
555;berührt;7;1
556;gerechtes;9;1
557;unschuldigen;12;1
558;behütet;7;1
559;sündigtest;10;1
560;zugelassen;10;1
561;berührtest;10;1
562;prophet;7;1
563;bitten;6;1
564;wiedergibst;11;1
565;gehandelt;9;1
566;gottesfurcht;12;1
567;wahrhaftig;10;1
568;wandern;7;1
569;wohlgefällt;11;1
570;decke;5;1
571;zugute;6;1
572;heilte;6;1
573;mutterschoß;11;1
574;achten;6;1
575;lachen;6;1
576;zugerichtet;11;1
577;stille;6;1
578;austreibung;11;1
579;hagars;6;1
580;ägypterin;9;1
581;erben;5;1
582;mißfallen;9;1
583;benannt;7;1
584;irrte;5;1
585;strauch;7;1
586;bogenschuß;10;1
587;steh;4;1
588;guter;5;1
589;schütze;7;1
590;paran;5;1
591;enkeln;6;1
592;untreue;7;1
593;wollest;7;1
594;schwören;8;1
595;wasserbrunnens;14;1
596;gewußt;6;1
597;gestellt;8;1
598;zeugnis;7;1
599;tamariskenbaum;14;1
600;versuchung;10;1
601;bestätigung;11;1
602;versuchte;9;1
603;liebhast;8;1
604;morija;6;1
605;opfere;6;1
606;gürtete;7;1
607;spaltete;8;1
608;angebetet;9;1
609;ersehen;7;1
610;reckte;6;1
611;schlachtete;11;1
612;fürchtest;9;1
613;hecke;5;1
614;hörnern;7;1
615;abrahm;6;1
616;bus;3;1
617;kemuël;6;1
618;kesed;5;1
619;haso;4;1
620;pildasch;8;1
621;jidlaf;6;1
622;rëuma;5;1
623;tebach;6;1
624;gaham;5;1
625;tahasch;7;1
626;maacha;6;1
627;erwirbt;7;1
628;hundertsiebenundzwanzig;23;1
629;beklagte;8;1
630;beisasse;8;1
631;vornehmsten;11;1
632;gräber;6;1
633;wehren;6;1
634;bittet;6;1
635;schenke;7;1
636;übergebe;8;1
637;volks;5;1
638;bitte;5;1
639;wog;3;1
640;summe;5;1
641;kauf;4;1
642;gang;4;1
643;allenthalben;12;1
644;vorstand;8;1
645;ziehest;7;1
646;jenes;5;1
647;ausgezogen;10;1
648;davor;5;1
649;bringest;8;1
650;heimat;6;1
651;herauszugehen;13;1
652;gelingen;8;1
653;herauskommen;12;1
654;neige;5;1
655;jungfrau;8;1
656;kruge;5;1
657;tränke;6;1
658;schöpfte;8;1
659;betrachtete;11;1
660;still;5;1
661;erkannt;7;1
662;goldenen;8;1
663;geradewegs;10;1
664;gesegneter;10;1
665;stehst;6;1
666;bereitet;8;1
667;zäumte;6;1
668;sache;5;1
669;vorgebracht;11;1
670;herauskommt;11;1
671;schöpft;7;1
672;stirn;5;1
673;lobte;5;1
674;freundschaft;12;1
675;beweisen;8;1
676;silberne;8;1
677;kleinode;8;1
678;kostbare;8;1
679;einige;6;1
680;fragen;6;1
681;segneten;8;1
682;wachse;6;1
683;vieltausendmal;14;1
684;besitze;7;1
685;mägden;6;1
686;südlande;8;1
687;beten;5;1
688;daherkamen;10;1
689;kamel;5;1
690;entgegenkommt;13;1
691;ausgerichtet;12;1
692;getröstet;9;1
693;simran;6;1
694;medan;5;1
695;midian;6;1
696;jischbak;8;1
697;schuach;7;1
698;dedans;6;1
699;aschuriter;10;1
700;letuschiter;11;1
701;lëummiter;9;1
702;midians;7;1
703;efa;3;1
704;efer;4;1
705;abida;5;1
706;eldaa;5;1
707;nebenfrauen;11;1
708;lebzeiten;9;1
709;morgenland;10;1
710;erreicht;8;1
711;hundertundfünfundsiebzig;24;1
712;ismales;7;1
713;nebajot;7;1
714;kedar;5;1
715;adbeel;6;1
716;mibsam;6;1
717;duma;4;1
718;massa;5;1
719;tema;4;1
720;jetur;5;1
721;nafisch;7;1
722;kedma;5;1
723;gehöften;8;1
724;hundertundsiebenunddreißig;26;1
725;bat;3;1
726;erbitten;8;1
727;leib;4;1
728;befragen;8;1
729;zweierlei;9;1
730;überlegen;9;1
731;herauskam;9;1
732;rötlich;7;1
733;fell;4;1
734;sechzig;7;1
735;streifte;8;1
736;gesitteter;10;1
737;erstgeburtsrecht;16;1
738;kochte;6;1
739;rote;4;1
740;verkaufe;8;1
741;linsengericht;13;1
742;verachtete;10;1
743;erneute;7;1
744;gehalten;8;1
745;gebote;6;1
746;weisungen;9;1
747;fragten;7;1
748;durchs;6;1
749;scherzte;8;1
750;leicht;6;1
751;jemand;6;1
752;antastet;8;1
753;philistern;10;1
754;säte;4;1
755;erntete;7;1
756;hundertfältig;13;1
757;reicher;7;1
758;kleinem;7;1
759;beneideten;10;1
760;gefüllt;7;1
761;mächtig;7;1
762;aufgraben;9;1
763;denselben;9;1
764;wassers;7;1
765;gezankt;7;1
766;grub;4;1
767;ahusat;6;1
768;hasset;6;1
769;sehenden;8;1
770;angetastet;10;1
771;gesegnete;9;1
772;selben;6;1
773;schwur;6;1
774;schwurbrunnen;13;1
775;jehudit;7;1
776;beeris;6;1
777;gewinnt;7;1
778;erstgeburtssegen;16;1
779;gerät;5;1
780;köcher;6;1
781;bring;5;1
782;heimbrächte;11;1
783;hineintragen;12;1
784;betasten;8;1
785;dastehen;8;1
786;betrügen;8;1
787;brächte;7;1
788;felle;5;1
789;bald;4;1
790;bescherte;9;1
791;tritt;5;1
792;betaste;7;1
793;bins;4;1
794;küsse;5;1
795;kaum;4;1
796;hinausgegangen;14;1
797;jagd;4;1
798;entsetzte;9;1
799;kamst;5;1
800;betrübt;7;1
801;vatera;6;1
802;weggenommen;11;1
803;überlistet;10;1
804;vorbehalten;11;1
805;hinterlistige;13;1
806;versehen;8;1
807;schwerte;8;1
808;joch;4;1
809;segens;6;1
810;droht;5;1
811;flieh;5;1
812;wendet;6;1
813;vergißt;7;1
814;schicken;8;1
815;verdrießt;9;1
816;lebena;6;1
817;besitzest;9;1
818;entlassen;9;1
819;bereits;7;1
820;mahalat;7;1
821;schaut;6;1
822;himmelsleiter;13;1
823;leiter;6;1
824;rührte;6;1
825;stiegen;7;1
826;liegst;6;1
827;hinziehst;9;1
828;herbringen;10;1
829;tue;3;1
830;aufwachte;9;1
831;heilig;6;1
832;pforte;6;1
833;vorher;6;1
834;anzuziehen;10;1
835;gotteshaus;10;1
836;gibst;5;1
837;dient;5;1
838;brunnenloch;11;1
839;kennt;5;1
840;kennen;6;1
841;hoher;5;1
842;einzutreiben;12;1
843;tränkt;6;1
844;weidet;6;1
845;zusammengebracht;16;1
846;wälzte;6;1
847;begeben;7;1
848;gebein;6;1
849;zwar;4;1
850;verwandter;10;1
851;glanz;5;1
852;dagegen;7;1
853;besser;6;1
854;wärens;6;1
855;einzelne;8;1
856;braut;5;1
857;hochzeitsmahl;13;1
858;betrogen;8;1
859;sitte;5;1
860;weggebe;7;1
861;halte;5;1
862;dienst;6;1
863;leisten;7;1
864;liebhaben;9;1
865;zugetan;7;1
866;viertenmal;10;1
867;danken;6;1
868;beneidete;9;1
869;leibes;6;1
870;gebäre;6;1
871;gesiegt;7;1
872;selig;5;1
873;weizenernte;11;1
874;sach;4;1
875;worterklärungen;15;1
876;erkauft;7;1
877;gelohnt;7;1
878;sechsten;8;1
879;beschenkt;9;1
880;schmach;7;1
881;wolle;5;1
882;spüre;5;1
883;bestimme;8;1
884;hattest;7;1
885;herkam;6;1
886;schritte;8;1
887;sorgen;6;1
888;aussondern;10;1
889;schwarzen;9;1
890;lohnes;6;1
891;diebstahl;9;1
892;sonderte;8;1
893;weißes;6;1
894;tats;4;1
895;tagereisen;10;1
896;weidete;7;1
897;übrigen;7;1
898;frische;7;1
899;pappeln;7;1
900;mandelbäumen;12;1
901;platanen;8;1
902;schälte;7;1
903;weiße;5;1
904;streifen;8;1
905;bloß;4;1
906;geschält;8;1
907;tränkrinnen;11;1
908;kämen;5;1
909;gefleckte;9;1
910;eigene;6;1
911;rinnen;6;1
912;schwächlich;11;1
913;schwächlichen;13;1
914;zuteil;6;1
915;vertrag;7;1
916;ajakob;6;1
917;zuwege;6;1
918;kräften;7;1
919;gestattet;9;1
920;täte;4;1
921;entwunden;9;1
922;sprangen;8;1
923;springen;8;1
924;antut;5;1
925;gesalbt;7;1
926;gegolten;8;1
927;kaufpreis;9;1
928;entzogen;8;1
929;stahl;5;1
930;täuschte;8;1
931;ansagte;7;1
932;entführt;8;1
933;hintergangen;12;1
934;geleitet;8;1
935;freuden;7;1
936;liedern;7;1
937;pauken;6;1
938;harfen;6;1
939;küssen;6;1
940;töricht;7;1
941;antun;5;1
942;weggezogen;10;1
943;sehntest;8;1
944;würdest;7;1
945;findest;7;1
946;nimms;5;1
947;kamelsattel;11;1
948;betastete;9;1
949;aufstehen;9;1
950;schalt;6;1
951;übles;5;1
952;hitzig;6;1
953;fehlgeburt;10;1
954;ersetzen;8;1
955;fordertest;10;1
956;mochte;6;1
957;rechtes;7;1
958;gesprochen;10;1
959;habena;6;1
960;leset;5;1
961;steinhaufen;11;1
962;jegarsahaduta;13;1
963;mizpa;5;1
964;wache;5;1
965;späher;6;1
966;voneinander;11;1
967;spähort;7;1
968;bedrückst;9;1
969;nimmst;6;1
970;vorüberziehe;12;1
971;vorüberziehest;14;1
972;böser;5;1
973;absicht;7;1
974;rüstet;6;1
975;begegnung;9;1
976;verszählung;11;1
977;begegneten;10;1
978;heerlager;9;1
979;mahanajim;9;1
980;gebiet;6;1
981;fremde;6;1
982;ausgesandt;10;1
983;anzusagen;9;1
984;bange;5;1
985;entrinnen;9;1
986;errette;7;1
987;schlage;7;1
988;mütter;6;1
989;junge;5;1
990;fragt;5;1
991;gehörst;7;1
992;hertreibst;10;1
993;ebenso;6;1
994;nachgingen;10;1
995;versöhnen;9;1
996;hergeht;7;1
997;annehmen;8;1
998;kampf;5;1
999;neuer;5;1
1000;furt;4;1
1001;hinüberkam;10;1
1002;rang;4;1
1003;anbrach;7;1
1004;übermochte;10;1
1005;ringen;6;1
1006;verrenkt;8;1
1007;bricht;6;1
1008;segnest;7;1
1009;fragst;6;1
1010;gerettet;8;1
1011;vorüberkam;10;1
1012;hinkte;6;1
1013;israeliten;10;1
1014;muskelstück;11;1
1015;muskel;6;1
1016;versöhnung;10;1
1017;verteilte;9;1
1018;leibmägde;9;1
1019;vornean;7;1
1020;dahinter;8;1
1021;zuletzt;7;1
1022;weinten;7;1
1023;segensgabe;10;1
1024;zugebracht;10;1
1025;fortziehen;10;1
1026;zarte;5;1
1027;übertrieben;11;1
1028;gemächlich;10;1
1029;hintennach;10;1
1030;nötig;5;1
1031;wiederum;8;1
1032;siedelt;7;1
1033;wohlbehalten;12;1
1034;lagerte;7;1
1035;hamors;6;1
1036;goldstücke;10;1
1037;blutbad;7;1
1038;hiwiters;8;1
1039;hing;4;1
1040;verdroß;7;1
1041;begangen;8;1
1042;sehnt;5;1
1043;verschwägert;12;1
1044;wohnt;5;1
1045;ansässig;8;1
1046;fordert;7;1
1047;getrost;7;1
1048;brautpreis;10;1
1049;ihrs;4;1
1050;verlangt;8;1
1051;hinterhältig;12;1
1052;unbeschnittenen;15;1
1053;schande;7;1
1054;einwilligen;11;1
1055;davonziehen;11;1
1056;gefallen;8;1
1057;bürgern;7;1
1058;friedsam;8;1
1059;schmerzen;9;1
1060;überfielen;10;1
1061;friedliche;10;1
1062;schärfe;7;1
1063;schwerts;8;1
1064;erschlagenen;12;1
1065;häusern;7;1
1066;gestürzt;8;1
1067;bewohnern;9;1
1068;kanaanitern;11;1
1069;perisitern;10;1
1070;wenige;6;1
1071;flohest;7;1
1072;reinigt;7;1
1073;wechselt;8;1
1074;ohrringe;8;1
1075;vergrub;7;1
1076;gottesschrecken;15;1
1077;nachjagten;10;1
1078;elbethel;8;1
1079;offenbart;9;1
1080;debora;6;1
1081;klageeiche;10;1
1082;steinernes;10;1
1083;trankopfer;10;1
1084;begoß;5;1
1085;wehmutter;9;1
1086;diesmal;7;1
1087;entwich;7;1
1088;benoni;6;1
1089;unglücks;8;1
1090;glücks;6;1
1091;grabmal;7;1
1092;migdaleder;10;1
1093;s;1;1
1094;ebulon;6;1
1095;heimkehr;8;1
1096;gelebt;6;1
1097;hundertundachtzig;17;1
1098;horiters;8;1
1099;vermochte;9;1
1100;ernähren;8;1
1101;viehs;5;1
1102;adas;4;1
1103;basemats;8;1
1104;zefo;4;1
1105;reguël;6;1
1106;oholibamas;10;1
1107;hori;4;1
1108;hemam;5;1
1109;alwan;5;1
1110;manahat;7;1
1111;ebal;4;1
1112;schefi;6;1
1113;onam;4;1
1114;ajja;4;1
1115;steppe;6;1
1116;warmen;6;1
1117;quellen;7;1
1118;dischons;8;1
1119;hemdan;6;1
1120;eschban;7;1
1121;jitran;6;1
1122;keran;5;1
1123;ezers;5;1
1124;saawan;6;1
1125;akan;4;1
1126;dischans;8;1
1127;aran;4;1
1128;dischan;7;1
1129;regiert;7;1
1130;dinhaba;7;1
1131;serachs;7;1
1132;bozra;5;1
1133;temaniter;9;1
1134;bedads;6;1
1135;awit;4;1
1136;regierte;8;1
1137;masreka;7;1
1138;rehobot;7;1
1139;hadar;5;1
1140;pagu;4;1
1141;mehetabel;9;1
1142;matreds;7;1
1143;mesahabs;8;1
1144;orten;5;1
1145;alwa;4;1
1146;jetet;5;1
1147;ela;3;1
1148;pinon;5;1
1149;mibzar;6;1
1150;magdïl;6;1
1151;iram;4;1
1152;wohnsitzen;10;1
1153;erblande;8;1
1154;stammvater;10;1
1155;siebzehn;8;1
1156;gehilfe;7;1
1157;schlechtes;10;1
1158;alters;6;1
1159;freundliches;12;1
1160;banden;6;1
1161;stellten;8;1
1162;ringsumher;10;1
1163;traumes;7;1
1164;mond;4;1
1165;niederfallen;12;1
1166;neidisch;8;1
1167;behielt;7;1
1168;hingegangen;11;1
1169;verhält;7;1
1170;umherirrte;10;1
1171;wen;3;1
1172;suchst;6;1
1173;anschlag;8;1
1174;töteten;7;1
1175;träumer;7;1
1176;werfen;6;1
1177;tötena;6;1
1178;vergießt;8;1
1179;werft;5;1
1180;anhatte;7;1
1181;warfen;6;1
1182;karawane;8;1
1183;kostbares;9;1
1184;hilfts;6;1
1185;vergreifen;10;1
1186;midianitischen;14;1
1187;kaufleute;9;1
1188;vorüberkamen;12;1
1189;schlachteten;12;1
1190;tauchten;8;1
1191;schickten;9;1
1192;reißendes;9;1
1193;härenes;7;1
1194;tuch;4;1
1195;lenden;6;1
1196;hinunterfahren;14;1
1197;hinabzog;8;1
1198;gesellte;8;1
1199;kanaaniters;11;1
1200;kesib;5;1
1201;schwagerehe;11;1
1202;schaffest;9;1
1203;witwe;5;1
1204;ausgetrauert;12;1
1205;freunde;7;1
1206;deckte;6;1
1207;verdeckt;8;1
1208;sendest;7;1
1209;zurückholte;11;1
1210;behalten;8;1
1211;geraten;7;1
1212;bock;4;1
1213;monaten;7;1
1214;hurerei;7;1
1215;führt;5;1
1216;verbrannt;9;1
1217;hinausführte;12;1
1218;erkennst;8;1
1219;gehören;7;1
1220;herausgekommen;14;1
1221;hineinzog;9;1
1222;riß;3;1
1223;gerissen;8;1
1224;potifars;8;1
1225;ägyptischer;11;1
1226;oberster;8;1
1227;hinabgebracht;13;1
1228;glückte;7;1
1229;glücken;7;1
1230;hübsch;6;1
1231;kümmert;7;1
1232;vorenthalten;12;1
1233;solch;5;1
1234;sündigena;9;1
1235;bedrängte;9;1
1236;täglich;7;1
1237;erwischte;9;1
1238;entfloh;7;1
1239;heimkam;7;1
1240;ebendieselben;13;1
1241;hebräische;10;1
1242;gefangene;9;1
1243;mundschenk;10;1
1244;versündigten;12;1
1245;saßen;5;1
1246;eigener;7;1
1247;bedeutung;9;1
1248;hineinkam;9;1
1249;auslege;7;1
1250;aauslegen;9;1
1251;erzählt;7;1
1252;grünte;6;1
1253;blühte;6;1
1254;trauben;7;1
1255;beeren;6;1
1256;zerdrückte;10;1
1257;reben;5;1
1258;gebest;6;1
1259;warst;5;1
1260;wohlgeht;8;1
1261;bringst;7;1
1262;worden;6;1
1263;weswegen;8;1
1264;trüge;5;1
1265;feinem;6;1
1266;backwerk;8;1
1267;gebackenes;10;1
1268;galgen;6;1
1269;beging;6;1
1270;geburtstag;10;1
1271;festmahl;8;1
1272;bäckers;7;1
1273;aufhängen;9;1
1274;gedeutet;8;1
1275;vergaß;6;1
1276;deutet;6;1
1277;stünde;6;1
1278;nil;3;1
1279;aufsteigen;10;1
1280;mager;5;1
1281;fetten;6;1
1282;dünne;5;1
1283;ostwind;7;1
1284;vollen;6;1
1285;wahrsager;9;1
1286;denken;6;1
1287;betraf;6;1
1288;hebräischer;11;1
1289;erzählten;9;1
1290;jener;5;1
1291;aufgehängt;10;1
1292;hörst;5;1
1293;jedoch;6;1
1294;verkünden;9;1
1295;magere;6;1
1296;heraussteigen;13;1
1297;hineingefressen;15;1
1298;mans;4;1
1299;dünn;4;1
1300;dünnen;6;1
1301;wahrsagern;10;1
1302;bedeuten;8;1
1303;gleiche;7;1
1304;dieselben;9;1
1305;derselbe;8;1
1306;aufgestiegen;12;1
1307;versengten;10;1
1308;zeigt;5;1
1309;verzehren;9;1
1310;bedeutet;8;1
1311;verständigen;12;1
1312;sorge;5;1
1313;dafür;5;1
1314;verordne;8;1
1315;aufschütten;11;1
1316;kornhäusern;11;1
1317;vorrat;6;1
1318;verwahren;9;1
1319;gesorgt;7;1
1320;erhöhung;8;1
1321;diesema;7;1
1322;kundgetan;9;1
1323;verständig;10;1
1324;königlichen;11;1
1325;thron;5;1
1326;höher;5;1
1327;ring;4;1
1328;kleidete;8;1
1329;kostbarer;9;1
1330;leinwand;8;1
1331;kette;5;1
1332;ausrufen;8;1
1333;zafenatpaneach;14;1
1334;ajosef;6;1
1335;fürsorge;8;1
1336;sammelte;8;1
1337;überfluß;8;1
1338;rings;5;1
1339;jede;4;1
1340;schüttete;9;1
1341;aufhörte;8;1
1342;hungerzeit;10;1
1343;vaterhaus;9;1
1344;elends;6;1
1345;fingen;6;1
1346;hungerjahre;11;1
1347;litt;4;1
1348;kornhäuser;10;1
1349;regent;6;1
1350;fremd;5;1
1351;woher;5;1
1352;erkannten;9;1
1353;wegkommen;9;1
1354;wahrheit;8;1
1355;umgeht;6;1
1356;andernfalls;11;1
1357;gewahrsam;9;1
1358;gebunden;8;1
1359;glauben;7;1
1360;müßt;4;1
1361;unserem;7;1
1362;verschuldet;11;1
1363;angst;5;1
1364;anflehte;8;1
1365;erhören;7;1
1366;versündigt;10;1
1367;wolltet;7;1
1368;gefordert;9;1
1369;wußten;6;1
1370;verstand;8;1
1371;dolmetscher;11;1
1372;luden;5;1
1373;ware;4;1
1374;auftat;6;1
1375;entfiel;7;1
1376;blickten;8;1
1377;erschrocken;11;1
1378;heimkamen;9;1
1379;wieviel;7;1
1380;merke;5;1
1381;wiedergeben;11;1
1382;ausschütteten;13;1
1383;wegnehmen;9;1
1384;töte;4;1
1385;begegnete;9;1
1386;reiset;6;1
1387;würdet;6;1
1388;drückte;7;1
1389;schärfte;8;1
1390;forschte;8;1
1391;genau;5;1
1392;aufmachen;9;1
1393;gezögert;8;1
1394;wiedergekommen;14;1
1395;tuts;4;1
1396;honig;5;1
1397;nüsse;5;1
1398;mandeln;7;1
1399;obenauf;7;1
1400;wiederbekommen;14;1
1401;irrtum;6;1
1402;doppelte;8;1
1403;schlachte;9;1
1404;hereingeführt;13;1
1405;geldes;6;1
1406;wiedergefunden;14;1
1407;eindringen;10;1
1408;herfallen;9;1
1409;haustür;7;1
1410;auftaten;8;1
1411;gewicht;7;1
1412;herabgebracht;13;1
1413;gesteckt;8;1
1414;mutes;5;1
1415;schatz;6;1
1416;wuschen;7;1
1417;richteten;9;1
1418;mittags;7;1
1419;grüßte;6;1
1420;alten;5;1
1421;verneigten;10;1
1422;entbrannte;10;1
1423;weinen;6;1
1424;kammer;6;1
1425;gewaschen;9;1
1426;speisen;7;1
1427;verwunderten;12;1
1428;tisch;5;1
1429;fünfmal;7;1
1430;fröhlich;8;1
1431;geängstigt;10;1
1432;fortbringen;11;1
1433;gelde;5;1
1434;ereilst;7;1
1435;sprich;6;1
1436;vergolten;9;1
1437;trinkt;6;1
1438;wahrsagt;8;1
1439;solche;6;1
1440;wiedergebracht;14;1
1441;belud;5;1
1442;wußtet;6;1
1443;solcher;7;1
1444;wahrsagen;9;1
1445;womit;5;1
1446;rechtfertigen;13;1
1447;entbrenne;9;1
1448;brudera;7;1
1449;jungen;6;1
1450;verließe;8;1
1451;herkommt;8;1
1452;widerfährt;10;1
1453;jammer;6;1
1454;heimkäme;8;1
1455;ganzer;6;1
1456;hängt;5;1
1457;wirds;5;1
1458;antworten;9;1
1459;tretet;6;1
1460;denkt;5;1
1461;ernten;6;1
1462;übriglasse;10;1
1463;erhalte;7;1
1464;herrscher;9;1
1465;säume;5;1
1466;kindeskinder;12;1
1467;verarmst;8;1
1468;leibhaftig;10;1
1469;herrlichkeit;12;1
1470;brust;5;1
1471;gerücht;7;1
1472;beladet;7;1
1473;ziehet;6;1
1474;gebiete;7;1
1475;feierkleid;10;1
1476;beladen;7;1
1477;zanket;6;1
1478;verkündeten;11;1
1479;kalt;4;1
1480;lebendig;8;1
1481;hinabzuziehen;13;1
1482;heraufführen;12;1
1483;zudrücken;9;1
1484;enkelinnen;10;1
1485;nachkommenschaft;16;1
1486;rubens;6;1
1487;pallu;5;1
1488;karmi;5;1
1489;simeons;7;1
1490;jemuël;6;1
1491;jamin;5;1
1492;ohad;4;1
1493;jachin;6;1
1494;zohar;5;1
1495;levis;5;1
1496;gerschon;8;1
1497;kehat;5;1
1498;merari;6;1
1499;hamul;5;1
1500;issachars;9;1
1501;tola;4;1
1502;puwa;4;1
1503;jaschub;7;1
1504;schimron;8;1
1505;sebulons;8;1
1506;sered;5;1
1507;elon;4;1
1508;jachleel;8;1
1509;dreiunddreißig;14;1
1510;gads;4;1
1511;zifjon;6;1
1512;haggi;5;1
1513;schuni;6;1
1514;ezbon;5;1
1515;eri;3;1
1516;arod;4;1
1517;areli;5;1
1518;assers;6;1
1519;jimna;5;1
1520;jischwa;7;1
1521;jischwi;7;1
1522;beri;4;1
1523;berias;6;1
1524;heber;5;1
1525;malkïl;6;1
1526;sechzehn;8;1
1527;aschbel;7;1
1528;gera;4;1
1529;naaman;6;1
1530;ehi;3;1
1531;rosch;5;1
1532;huppim;6;1
1533;ard;3;1
1534;dans;4;1
1535;schuham;7;1
1536;naftalis;8;1
1537;jachzeel;8;1
1538;guni;4;1
1539;jezer;5;1
1540;schillem;8;1
1541;aalle;5;1
1542;sechsundsechzig;15;1
1543;wiedersehen;11;1
1544;anwiese;7;1
1545;spannte;7;1
1546;lebst;5;1
1547;ansagen;7;1
1548;dürft;5;1
1549;drückt;6;1
1550;tüchtig;7;1
1551;hundertunddreißig;17;1
1552;reicht;6;1
1553;ramses;6;1
1554;versorgte;9;1
1555;zahl;4;1
1556;verschmachteten;15;1
1557;kauften;7;1
1558;gebrach;7;1
1559;schafft;7;1
1560;pferde;6;1
1561;ernährte;8;1
1562;hindurch;8;1
1563;leiber;6;1
1564;kaufe;5;1
1565;ans;3;1
1566;verordnet;9;1
1567;landanteil;10;1
1568;durften;7;1
1569;teile;5;1
1570;besäen;6;1
1571;letzter;7;1
1572;wunsch;6;1
1573;inne;4;1
1574;mehrten;7;1
1575;hundertundsiebenundvierzig;26;1
1576;herbeikam;9;1
1577;inägypten;9;1
1578;anbetend;8;1
1579;bettes;6;1
1580;krank;5;1
1581;zeugst;6;1
1582;erbteil;7;1
1583;gedacht;7;1
1584;linker;6;1
1585;rechter;7;1
1586;streckte;8;1
1587;kreuzte;7;1
1588;obwohl;6;1
1589;gewandelt;9;1
1590;erlöst;6;1
1591;fortlebe;8;1
1592;wendete;7;1
1593;jüngerer;8;1
1594;jemanden;8;1
1595;stück;5;1
1596;berief;6;1
1597;verkünde;8;1
1598;künftigen;9;1
1599;zuhauf;6;1
1600;kraft;5;1
1601;erstling;8;1
1602;stärke;6;1
1603;aufwalltest;11;1
1604;gestiegen;9;1
1605;bestiegst;9;1
1606;schwerter;9;1
1607;mörderische;11;1
1608;waffen;6;1
1609;rat;3;1
1610;versammlung;11;1
1611;gemordet;8;1
1612;gelähmt;7;1
1613;heftig;6;1
1614;grausam;7;1
1615;versprengen;11;1
1616;zerstreuen;10;1
1617;ajuda;5;1
1618;bists;5;1
1619;feinden;7;1
1620;nacken;6;1
1621;verneigen;9;1
1622;junger;6;1
1623;hochgekommen;12;1
1624;raube;5;1
1625;hingestreckt;12;1
1626;löwin;5;1
1627;gelagert;8;1
1628;aufstören;9;1
1629;zepter;6;1
1630;herrschers;10;1
1631;held;4;1
1632;eselin;6;1
1633;edle;4;1
1634;rebe;4;1
1635;mantel;6;1
1636;traubenblut;11;1
1637;dunkel;6;1
1638;zähne;5;1
1639;schiffe;7;1
1640;knochiger;9;1
1641;sattelkörben;12;1
1642;ruhe;4;1
1643;lieblich;8;1
1644;geneigt;7;1
1645;fronpflichtiger;15;1
1646;irgend;6;1
1647;stamm;5;1
1648;steige;6;1
1649;pferd;5;1
1650;fersen;6;1
1651;beißen;6;1
1652;reiter;6;1
1653;zurückfalle;11;1
1654;warte;5;1
1655;heila;5;1
1656;gedrängt;8;1
1657;kriegshaufen;12;1
1658;drängt;6;1
1659;aassers;7;1
1660;leckere;7;1
1661;schneller;9;1
1662;hirsch;6;1
1663;zweige;6;1
1664;emporsteigen;12;1
1665;mauer;5;1
1666;schützen;8;1
1667;erzürnen;8;1
1668;verfolgen;9;1
1669;fest;4;1
1670;mächtigen;9;1
1671;fels;4;1
1672;geholfen;8;1
1673;allmächtigen;12;1
1674;flut;4;1
1675;drunten;7;1
1676;brüste;6;1
1677;mutterleibes;12;1
1678;stärker;7;1
1679;köstlichen;10;1
1680;hügel;5;1
1681;mögen;5;1
1682;scheitel;8;1
1683;geweihten;9;1
1684;reißender;9;1
1685;wolf;4;1
1686;morgens;7;1
1687;raub;4;1
1688;beute;5;1
1689;austeilen;9;1
1690;begrabt;7;1
1691;bestattung;10;1
1692;ärzten;6;1
1693;ärzte;5;1
1694;währen;6;1
1695;salbung;7;1
1696;beweinten;9;1
1697;trauertage;10;1
1698;wiederkommen;12;1
1699;gespanne;8;1
1700;hielten;7;1
1701;feierliche;10;1
1702;totenklage;10;1
1703;gorenatad;9;1
1704;befohlen;8;1
1705;hinaufgezogen;13;1
1706;edelmut;7;1
1707;gestorben;9;1
1708;vergelten;9;1
1709;gedachtet;9;1
1710;tröstete;8;1
1711;glied;5;1
1712;machir;6;1
1713;zugerechnet;11;1
1714;gebeine;7;1
1715;sarg;4;1
1716;buch;4;2
1717;mose;4;2
1718;wüst;4;2
1719;schied;6;2
1720;orte;4;2
1721;trockene;8;2
1722;gras;4;2
1723;früchte;7;2
1724;same;4;2
1725;regiere;7;2
1726;vierte;6;2
1727;wimmelt;7;2
1728;lebendiges;10;2
1729;herrschen;9;2
1730;fische;6;2
1731;füllet;6;2
1732;untertan;8;2
1733;grüne;5;2
1734;nahrung;7;2
1735;heer;4;2
1736;ruhte;5;2
1737;werken;6;2
1738;gewachsen;9;2
1739;verlockend;10;2
1740;erkenntnis;10;2
1741;bösen;5;2
1742;assyrien;8;2
1743;bebaute;7;2
1744;mußt;4;2
1745;gehilfin;8;2
1746;bein;4;2
1747;männin;6;2
1748;luther;6;2
1749;wiederzugeben;13;2
1750;anhangen;8;2
1751;esset;5;2
1752;frucht;6;2
1753;versteckte;10;2
1754;solltest;8;2
1755;mühsal;6;2
1756;gehorcht;8;2
1757;weibes;6;2
1758;werdest;7;2
1759;eva;3;2
1760;trieb;5;2
1761;schwert;7;2
1762;kains;5;2
1763;ackermann;9;2
1764;frei;4;2
1765;fromm;5;2
1766;ertrag;6;2
1767;unstet;6;2
1768;flüchtig;8;2
1769;totschlägt;10;2
1770;gerächt;7;2
1771;irad;4;2
1772;mehujaël;8;2
1773;metuschaël;10;2
1774;tubalkain;9;2
1775;jüngling;8;2
1776;siebenmal;9;2
1777;erschlagen;10;2
1778;fing;4;2
1779;teils;5;2
1780;kenan;5;2
1781;mahalalel;9;2
1782;jered;5;2
1783;mühe;4;2
1784;arbeit;6;2
1785;immerdar;8;2
1786;hundertundzwanzig;17;2
1787;eingingen;9;2
1788;gebaren;7;2
1789;bosheit;7;2
1790;dichten;7;2
1791;trachten;8;2
1792;herzens;7;2
1793;vertilgen;9;2
1794;geschichte;10;2
1795;voller;6;2
1796;frevel;6;2
1797;dreihundert;11;2
1798;länge;5;2
1799;seite;5;2
1800;mitte;5;2
1801;untergehen;10;2
1802;sammeln;7;2
1803;gerecht;7;2
1804;unreinen;8;2
1805;desgleichen;11;2
1806;nächte;6;2
1807;paarweise;9;2
1808;lebensjahr;10;2
1809;siebzehnten;11;2
1810;wilde;5;2
1811;trugen;6;2
1812;überhand;8;2
1813;bedeckt;7;2
1814;übrig;5;2
1815;hundertundfünfzig;17;2
1816;monat;5;2
1817;verlaufen;9;2
1818;fuß;3;2
1819;harrte;6;2
1820;trugs;5;2
1821;wilden;6;2
1822;roch;4;2
1823;aufhören;8;2
1824;ernte;5;2
1825;frost;5;2
1826;hitze;5;2
1827;alsdann;7;2
1828;gedenke;7;2
1829;erster;6;2
1830;beider;6;2
1831;schultern;9;2
1832;erfuhr;6;2
1833;hams;4;2
1834;mizrajim;8;2
1835;dedan;5;2
1836;nimrod;6;2
1837;gewaltiger;10;2
1838;ninive;6;2
1839;kelach;6;2
1840;jebusiter;9;2
1841;girgaschiter;12;2
1842;sidon;5;2
1843;richtung;8;2
1844;joktan;6;2
1845;ebene;5;2
1846;ziegel;6;2
1847;turm;4;2
1848;bauen;5;2
1849;spitze;6;2
1850;zerstreut;9;2
1851;mußten;6;2
1852;geschlechtsregister;19;2
1853;regu;4;2
1854;serug;5;2
1855;terachs;7;2
1856;zug;3;2
1857;erschienen;10;2
1858;westen;6;2
1859;ai;2;2
1860;bekam;5;2
1861;eselinnen;9;2
1862;herauf;6;2
1863;zuerst;6;2
1864;beieinander;11;2
1865;perisiter;9;2
1866;norden;6;2
1867;süden;5;2
1868;siehst;6;2
1869;amrafel;7;2
1870;ellasar;7;2
1871;krieg;5;2
1872;kämpfen;7;2
1873;geschlagen;10;2
1874;hebräer;7;2
1875;eschkol;7;2
1876;aner;4;2
1877;damaskus;8;2
1878;aals;4;2
1879;höchsten;8;2
1880;behalte;7;2
1881;hebe;4;2
1882;offenbarung;11;2
1883;großer;6;2
1884;hinausgehen;11;2
1885;glaubte;7;2
1886;merken;6;2
1887;dreijährige;11;2
1888;zerteilte;9;2
1889;stießen;7;2
1890;müssen;6;2
1891;großem;6;2
1892;fahren;6;2
1893;erst;4;2
1894;untergegangen;13;2
1895;ofen;4;2
1896;ägyptens;8;2
1897;ägyptische;10;2
1898;gewohnt;7;2
1899;kehre;5;2
1900;jedermann;9;2
1901;trotz;5;2
1902;ewiger;6;2
1903;neunundneunzig;14;2
1904;wandle;6;2
1905;vieler;6;2
1906;besitz;6;2
1907;haltet;6;2
1908;acht;4;2
1909;lachte;6;2
1910;zeugen;6;2
1911;vorüber;7;2
1912;mögt;4;2
1913;kuchen;6;2
1914;milch;5;2
1915;hochbetagt;10;2
1916;gelacht;7;2
1917;sünden;6;2
1918;wisse;5;2
1919;gerechten;9;2
1920;gottlosen;9;2
1921;gerechter;9;2
1922;unterwunden;11;2
1923;aufgehört;9;2
1924;kehrte;6;2
1925;nötigte;7;2
1926;riefen;6;2
1927;keinem;6;2
1928;umkommst;8;2
1929;zögerte;7;2
1930;retten;6;2
1931;rauch;5;2
1932;derselben;9;2
1933;wards;5;2
1934;aufstand;8;2
1935;gelegen;7;2
1936;moabiter;8;2
1937;einfältigem;11;2
1938;gesündigt;9;2
1939;handeln;7;2
1940;hinkommen;9;2
1941;sagst;5;2
1942;tausend;7;2
1943;verschafft;10;2
1944;abimelechs;10;2
1945;saras;5;2
1946;entwöhnt;8;2
1947;treibe;6;2
1948;gehorche;8;2
1949;ausgegangen;11;2
1950;füllte;6;2
1951;erweisen;8;2
1952;dorthin;7;2
1953;messer;6;2
1954;schaf;5;2
1955;band;4;2
1956;faßte;5;2
1957;verschont;9;2
1958;hängen;6;2
1959;meeres;6;2
1960;tore;4;2
1961;erstgeborenen;13;2
1962;herkommen;9;2
1963;stirbt;6;2
1964;kirjatarba;10;2
1965;beweinte;8;2
1966;hinaustrage;11;2
1967;grabe;5;2
1968;begrabest;9;2
1969;zohars;6;2
1970;ackers;6;2
1971;soviel;6;2
1972;wert;4;2
1973;gehorchte;9;2
1974;dar;3;2
1975;gäbe;4;2
1976;eigentum;8;2
1977;bestätigt;9;2
1978;begrub;6;2
1979;gütern;6;2
1980;zurückbringen;13;2
1981;zugesagt;8;2
1982;abends;6;2
1983;spreche;7;2
1984;sprechen;8;2
1985;diener;6;2
1986;ausgeredet;10;2
1987;getrunken;9;2
1988;goß;3;2
1989;schwieg;7;2
1990;stirnreif;9;2
1991;gramm;5;2
1992;wessen;6;2
1993;herbergen;9;2
1994;stroh;5;2
1995;weichen;7;2
1996;deren;5;2
1997;reif;4;2
1998;nehme;5;2
1999;blieben;7;2
2000;allda;5;2
2001;amme;4;2
2002;setzten;7;2
2003;verhüllte;9;2
2004;begräbnis;9;2
2005;ketura;6;2
2006;jokschan;8;2
2007;lebenssatt;10;2
2008;tode;4;2
2009;stämmen;7;2
2010;zwillinge;9;2
2011;rauh;4;2
2012;nannten;7;2
2013;gern;4;2
2014;gericht;7;2
2015;müde;4;2
2016;früheren;8;2
2017;gehorsam;8;2
2018;gesetz;6;2
2019;hättest;7;2
2020;streit;6;2
2021;grunde;6;2
2022;zankten;7;2
2023;gruben;6;2
2024;knechtes;8;2
2025;freund;6;2
2026;getrieben;9;2
2027;keinen;6;2
2028;schaden;7;2
2029;gute;4;2
2030;tranken;7;2
2031;elons;5;2
2032;lauter;6;2
2033;herzeleid;9;2
2034;list;4;2
2035;schwach;7;2
2036;wann;4;2
2037;jage;4;2
2038;heiße;5;2
2039;böcklein;8;2
2040;glatt;5;2
2041;feierkleider;12;2
2042;erstgeborener;13;2
2043;iß;2;2
2044;betastet;8;2
2045;tau;3;2
2046;fettigkeit;10;2
2047;stämme;6;2
2048;schrie;6;2
2049;nimmt;5;2
2050;reißen;6;2
2051;gram;4;2
2052;grimm;5;2
2053;hetiterinnen;12;2
2054;mehre;5;2
2055;haufe;5;2
2056;jetzt;5;2
2057;entließ;7;2
2058;nebajots;8;2
2059;häupten;7;2
2060;schlafen;8;2
2061;behüten;7;2
2062;öl;2;2
2063;gelübde;7;2
2064;lagen;5;2
2065;dabei;5;2
2066;versammeln;10;2
2067;wälzen;6;2
2068;hütete;6;2
2069;hochzeitswoche;14;2
2070;ungeliebt;9;2
2071;schoß;5;2
2072;gekämpft;8;2
2073;glück;5;2
2074;preisen;7;2
2075;asser;5;2
2076;liebesäpfel;11;2
2077;liebesäpfeln;12;2
2078;sebulon;7;2
2079;jedem;5;2
2080;gar;3;2
2081;weiden;6;2
2082;schwarz;7;2
2083;lämmern;7;2
2084;sprenkligen;11;2
2085;empfingen;9;2
2086;sprenklige;10;2
2087;bunte;5;2
2088;brunstzeit;10;2
2089;kräftigen;9;2
2090;reichtum;8;2
2091;wißt;4;2
2092;getäuscht;9;2
2093;zehnmal;7;2
2094;verändert;9;2
2095;sprenklig;9;2
2096;unseren;7;2
2097;käme;4;2
2098;ereilte;7;2
2099;anders;6;2
2100;aufgeschlagen;13;2
2101;heimlich;8;2
2102;schon;5;2
2103;suche;5;2
2104;vierzehn;8;2
2105;steine;6;2
2106;galed;5;2
2107;steinhaufe;10;2
2108;nennt;5;2
2109;boten;5;2
2110;sprecht;7;2
2111;bisher;6;2
2112;wohltun;7;2
2113;zweihundert;11;2
2114;säugende;8;2
2115;stiere;6;2
2116;sendet;6;2
2117;saget;5;2
2118;jabbok;6;2
2119;elf;3;2
2120;heißest;7;2
2121;pnuël;5;2
2122;würden;6;2
2123;etliche;7;2
2124;sukkot;6;2
2125;hütten;6;2
2126;schandtat;9;2
2127;indessen;8;2
2128;durfte;6;2
2129;wills;5;2
2130;gehorchten;10;2
2131;erschlugen;10;2
2132;plünderten;10;2
2133;unglück;7;2
2134;verruf;6;2
2135;errichte;8;2
2136;götter;6;2
2137;trübsal;7;2
2138;strecke;7;2
2139;bethlehem;9;2
2140;grab;4;2
2141;bilhas;6;2
2142;silpas;6;2
2143;zibons;6;2
2144;reguïl;6;2
2145;omar;4;2
2146;gatam;5;2
2147;amalek;6;2
2148;reguïls;7;2
2149;nahat;5;2
2150;schamma;7;2
2151;misa;4;2
2152;kenas;5;2
2153;dischon;7;2
2154;ezer;4;2
2155;anas;4;2
2156;bevor;5;2
2157;huscham;7;2
2158;midianiter;10;2
2159;samla;5;2
2160;baalhanan;9;2
2161;achbors;7;2
2162;hirte;5;2
2163;garben;6;2
2164;garbe;5;2
2165;gehabt;6;2
2166;dotan;5;2
2167;erretten;8;2
2168;wiederbringen;13;2
2169;harz;4;2
2170;balsam;6;2
2171;myrrhe;6;2
2172;zerriß;6;2
2173;potifar;7;2
2174;leibwache;9;2
2175;hira;4;2
2176;schua;5;2
2177;judas;5;2
2178;schwiegervater;14;2
2179;witwenkleider;13;2
2180;enajim;6;2
2181;meinte;6;2
2182;siegel;6;2
2183;schnur;6;2
2184;roten;5;2
2185;ägypters;8;2
2186;kümmerte;8;2
2187;außer;5;2
2188;weigerte;8;2
2189;hergebracht;11;2
2190;neben;5;2
2191;gefangenen;10;2
2192;traurig;7;2
2193;weinstock;9;2
2194;körbe;5;2
2195;korbe;5;2
2196;steigen;7;2
2197;fette;5;2
2198;grase;5;2
2199;häßlich;7;2
2200;nils;4;2
2201;schönen;7;2
2202;halm;4;2
2203;dick;4;2
2204;versengt;8;2
2205;verschlangen;12;2
2206;dicken;6;2
2207;bekümmert;9;2
2208;weisen;6;2
2209;wirs;4;2
2210;deutete;7;2
2211;dürre;5;2
2212;häßliche;8;2
2213;verkündet;9;2
2214;vorhat;6;2
2215;jenen;5;2
2216;hungers;7;2
2217;vergessen;9;2
2218;landen;6;2
2219;länger;6;2
2220;begegnen;8;2
2221;jüngste;7;2
2222;vorhanden;9;2
2223;prüfen;6;2
2224;liegen;6;2
2225;binden;6;2
2226;befehl;6;2
2227;herberge;8;2
2228;beutel;6;2
2229;erschraken;10;2
2230;wiederbringe;12;2
2231;übriggeblieben;14;2
2232;unfall;6;2
2233;bürge;5;2
2234;vorige;6;2
2235;fürchtet;8;2
2236;eseln;5;2
2237;mitgebracht;11;2
2238;greuel;6;2
2239;silbernen;9;2
2240;redet;5;2
2241;sklave;6;2
2242;gibt;4;2
2243;eilt;4;2
2244;versorgen;9;2
2245;beste;5;2
2246;hezron;6;2
2247;siebzig;7;2
2248;gewerbe;7;2
2249;wanderschaft;12;2
2250;entgelt;7;2
2251;führen;6;2
2252;stark;5;2
2253;linke;5;2
2254;löwe;4;2
2255;gestade;7;2
2256;segnungen;9;2
2257;aabraham;8;2
2258;dienern;7;2
2259;jordans;7;2
2260;vergib;6;2
2261;hundertundzehn;14;2
2262;heimsuchen;10;2
2263;anfang;6;3
2264;leer;4;3
2265;finster;7;3
2266;tiefe;5;3
2267;sehe;4;3
2268;aufgehen;8;3
2269;lichter;7;3
2270;fliegen;7;3
2271;hervor;6;3
2272;vollendet;9;3
2273;regnen;6;3
2274;pflanzte;8;3
2275;allerlei;8;3
2276;mitten;6;3
2277;teilte;6;3
2278;fließt;6;3
2279;hawila;6;3
2280;euphrat;7;3
2281;schlief;7;3
2282;stelle;6;3
2283;verlassen;9;3
2284;aufgetan;8;3
2285;hörten;6;3
2286;fressen;7;3
2287;ferse;5;3
2288;schaffen;8;3
2289;nähren;6;3
2290;lagern;6;3
2291;gewonnen;8;3
2292;fett;4;3
2293;blick;5;3
2294;ists;4;3
2295;also;4;3
2296;kannst;6;3
2297;erheben;7;3
2298;tot;3;3
2299;vergeben;8;3
2300;fände;5;3
2301;zilla;5;3
2302;metuschelach;12;3
2303;wandelte;8;3
2304;trösten;7;3
2305;gottessöhne;11;3
2306;wollten;7;3
2307;breite;6;3
2308;paar;4;3
2309;reinen;6;3
2310;taten;5;3
2311;hoben;5;3
2312;vertilgt;8;3
2313;verstopft;9;3
2314;ausfliegen;10;3
2315;merkte;6;3
2316;gehe;4;3
2317;opferte;7;3
2318;verfluchen;10;3
2319;jugend;6;3
2320;saat;4;3
2321;fordern;7;3
2322;gegangen;8;3
2323;verderbe;8;3
2324;wolken;6;3
2325;aufgerichtet;12;3
2326;fluch;5;3
2327;blöße;5;3
2328;hinzu;5;3
2329;erwachte;8;3
2330;gelobt;6;3
2331;chr;3;3
2332;jafets;6;3
2333;ländern;7;3
2334;saba;4;3
2335;gewann;6;3
2336;spricht;7;3
2337;babel;5;3
2338;ausgebreitet;12;3
2339;adma;4;3
2340;zebojim;7;3
2341;elam;4;3
2342;uz;2;3
2343;schelach;8;3
2344;peleg;5;3
2345;jobab;5;3
2346;einerlei;8;3
2347;fanden;6;3
2348;untereinander;13;3
2349;wohlauf;7;3
2350;reiche;6;3
2351;sonst;5;3
2352;hernieder;9;3
2353;keiner;6;3
2354;vaterland;9;3
2355;chaldäa;7;3
2356;unfruchtbar;11;3
2357;reisen;6;3
2358;eiche;5;3
2359;h;1;3
2360;ihretwillen;11;3
2361;plagen;6;3
2362;sarais;6;3
2363;sprachst;8;3
2364;zelte;5;3
2365;zank;4;3
2366;linken;6;3
2367;vernichtete;11;3
2368;städten;7;3
2369;staub;5;3
2370;hain;4;3
2371;führten;7;3
2372;siddim;6;3
2373;schlugen;8;3
2374;wandten;7;3
2375;kadesch;7;3
2376;priester;8;3
2377;feinde;6;3
2378;faden;5;3
2379;ausgenommen;11;3
2380;verzehrt;8;3
2381;teil;4;3
2382;geschichten;11;3
2383;sichs;5;3
2384;schlaf;6;3
2385;fremdlinge;10;3
2386;richten;7;3
2387;hierher;7;3
2388;voll;4;3
2389;herrin;6;3
2390;gering;6;3
2391;arme;4;3
2392;gewalt;6;3
2393;gefällt;7;3
2394;quelle;6;3
2395;schur;5;3
2396;geflohen;8;3
2397;elend;5;3
2398;gewiß;5;3
2399;schließen;9;3
2400;hundert;7;3
2401;beschnitt;9;3
2402;zeltes;6;3
2403;eile;4;3
2404;holte;5;3
2405;stehen;6;3
2406;selbst;6;3
2407;etwas;5;3
2408;recht;5;3
2409;obs;3;3
2410;wolltest;8;3
2411;finde;5;3
2412;wiewohl;7;3
2413;fort;4;3
2414;einmal;6;3
2415;mahl;4;3
2416;aufbrechen;10;3
2417;schlossen;9;3
2418;klein;5;3
2419;morgenröte;10;3
2420;rette;5;3
2421;bleib;5;3
2422;feuer;5;3
2423;wandte;6;3
2424;legen;5;3
2425;gaben;5;3
2426;dieses;6;3
2427;fürchteten;10;3
2428;silberstücke;12;3
2429;betete;6;3
2430;heran;5;3
2431;mißfiel;7;3
2432;schlauch;8;3
2433;schulter;8;3
2434;umher;5;3
2435;warf;4;3
2436;erhörte;7;3
2437;tränkte;7;3
2438;pichol;6;3
2439;feldhauptmann;13;3
2440;weder;5;3
2441;einzigen;8;3
2442;sand;4;3
2443;ufer;4;3
2444;aramäer;7;3
2445;nebenfrau;9;3
2446;verneigte;9;3
2447;beim;4;3
2448;efrons;6;3
2449;folgen;6;3
2450;hüte;4;3
2451;eides;5;3
2452;ledig;5;3
2453;pflegten;8;3
2454;stehe;5;3
2455;erkennen;8;3
2456;sechs;5;3
2457;goldene;7;3
2458;armreifen;9;3
2459;ziehe;5;3
2460;leuten;6;3
2461;schleier;8;3
2462;begruben;8;3
2463;hadad;5;3
2464;aramäers;8;3
2465;verkaufte;9;3
2466;töten;5;3
2467;gestalt;7;3
2468;gelegt;6;3
2469;schuld;6;3
2470;darüber;7;3
2471;gleichwie;9;3
2472;älteren;7;3
2473;hole;4;3
2474;worten;6;3
2475;setze;5;3
2476;füßen;5;3
2477;segnet;6;3
2478;laut;4;3
2479;zweimal;7;3
2480;leid;4;3
2481;beraubt;7;3
2482;fürwahr;7;3
2483;anderes;7;3
2484;lus;3;3
2485;brunnens;8;3
2486;schafen;7;3
2487;herzte;6;3
2488;diente;6;3
2489;ortes;5;3
2490;lieber;6;3
2491;schaffe;7;3
2492;naftali;7;3
2493;gad;3;3
2494;issachar;8;3
2495;weißt;5;3
2496;hüten;5;3
2497;gefleckten;10;3
2498;bunt;4;3
2499;stäbe;5;3
2500;stäben;6;3
2501;solchen;7;3
2502;hausgott;8;3
2503;wären;5;3
2504;hausrat;7;3
2505;nie;3;3
2506;tages;5;3
2507;haufen;6;3
2508;füllen;6;3
2509;weges;5;3
2510;sichems;7;3
2511;geschändet;10;3
2512;handel;6;3
2513;wollt;5;3
2514;gefiel;6;3
2515;redeten;7;3
2516;einging;7;3
2517;benjamins;9;3
2518;jëusch;6;3
2519;jalam;5;3
2520;teman;5;3
2521;lotan;5;3
2522;schobal;7;3
2523;schaul;6;3
2524;feind;5;3
2525;seht;4;3
2526;gefressen;9;3
2527;ismaelitern;11;3
2528;verkaufen;9;3
2529;verkauften;10;3
2530;ziegenbock;10;3
2531;kämmerer;8;3
2532;adullam;7;3
2533;pfand;5;3
2534;gesandt;7;3
2535;perez;5;3
2536;amtmann;7;3
2537;amtmanns;8;3
2538;schenk;6;3
2539;amt;3;3
2540;dürfen;6;3
2541;fraßen;6;3
2542;schöne;6;3
2543;weide;5;3
2544;häßlichen;9;3
2545;asenat;6;3
2546;potiferas;9;3
2547;priesters;9;3
2548;on;2;3
2549;kauft;5;3
2550;zehrung;7;3
2551;grauen;6;3
2552;haare;5;3
2553;hinunter;8;3
2554;sagtet;6;3
2555;besten;6;3
2556;säcken;6;3
2557;hergesandt;10;3
2558;kleinvieh;9;3
2559;großvieh;8;3
2560;viehhirten;10;3
2561;leibeigen;9;3
2562;bett;4;3
2563;manasses;8;3
2564;salbten;7;3
2565;finsternis;10;4
2566;wassern;7;4
2567;samen;5;4
2568;dritte;6;4
2569;zeiten;6;4
2570;mehret;6;4
2571;gleich;6;4
2572;siebenten;9;4
2573;stieg;5;4
2574;odem;4;4
2575;vier;4;4
2576;findet;6;4
2577;kusch;5;4
2578;bäumen;6;4
2579;sähe;4;4
2580;fallen;6;4
2581;schloß;6;4
2582;nackt;5;4
2583;gewahr;6;4
2584;seist;5;4
2585;esse;4;4
2586;gnädig;6;4
2587;sünde;5;4
2588;aufs;4;4
2589;erhob;5;4
2590;größer;6;4
2591;verbergen;9;4
2592;niemand;7;4
2593;jenseits;8;4
2594;hergekommen;11;4
2595;zelten;6;4
2596;enosch;6;4
2597;verderbt;8;4
2598;ende;4;4
2599;ellen;5;4
2600;fenster;7;4
2601;aufrichten;10;4
2602;erhalten;8;4
2603;monats;6;4
2604;brachen;7;4
2605;regen;5;4
2606;eben;4;4
2607;verheißung;10;4
2608;gedachte;8;4
2609;zehnten;7;4
2610;hätten;6;4
2611;weitere;7;4
2612;geruch;6;4
2613;schrecken;9;4
2614;dessen;6;4
2615;richte;6;4
2616;bundes;6;4
2617;legten;6;4
2618;sems;4;4
2619;lasse;5;4
2620;jäger;5;4
2621;schinar;7;4
2622;amoriter;8;4
2623;geschlechter;12;4
2624;arpachschad;11;4
2625;lud;3;4
2626;eber;4;4
2627;welt;4;4
2628;ur;2;4
2629;schwiegertochter;16;4
2630;g;1;4
2631;südland;7;4
2632;nahe;4;4
2633;lots;4;4
2634;rechten;7;4
2635;jordan;6;4
2636;kedorlaomer;11;4
2637;viele;5;4
2638;flucht;6;4
2639;gefangen;8;4
2640;jagte;5;4
2641;gezogen;7;4
2642;dahin;5;4
2643;besitzen;8;4
2644;erbe;4;4
2645;richter;7;4
2646;dirs;4;4
2647;kommst;6;4
2648;erhört;6;4
2649;beschneiden;11;4
2650;fremden;7;4
2651;saß;3;4
2652;standen;7;4
2653;waschen;7;4
2654;eilte;5;4
2655;weise;5;4
2656;WAHR;4;4
2657;könnten;7;4
2658;gerechte;8;4
2659;tust;4;4
2660;zürne;5;4
2661;bleibt;6;4
2662;wohlan;6;4
2663;herein;6;4
2664;heutigen;8;4
2665;holen;5;4
2666;mannes;6;4
2667;ohren;5;4
2668;wohne;5;4
2669;suchte;6;4
2670;heim;4;4
2671;hören;5;4
2672;wuchs;5;4
2673;mutwillen;9;4
2674;weit;4;4
2675;schwöre;7;4
2676;lämmer;6;4
2677;betuël;6;4
2678;gebt;4;4
2679;unserer;7;4
2680;ältesten;8;4
2681;nehmest;7;4
2682;geschworen;10;4
2683;schwor;6;4
2684;trinke;6;4
2685;beschert;8;4
2686;futter;6;4
2687;treue;5;4
2688;rebekkas;8;4
2689;eid;3;4
2690;böses;5;4
2691;geschenke;9;4
2692;verschied;9;4
2693;jenem;5;4
2694;gerne;5;4
2695;halse;5;4
2696;korn;4;4
2697;legt;4;4
2698;zorn;4;4
2699;steinmal;8;4
2700;loch;4;4
2701;fünften;7;4
2702;gefleckt;8;4
2703;böcke;5;4
2704;unseres;7;4
2705;scheren;7;4
2706;gilead;6;4
2707;enkel;5;4
2708;zerrissen;9;4
2709;mußte;5;4
2710;mal;3;4
2711;befahl;6;4
2712;läßt;4;4
2713;lager;5;4
2714;stab;4;4
2715;begegnet;8;4
2716;gelenk;6;4
2717;hals;4;4
2718;treiben;7;4
2719;efrata;6;4
2720;korach;6;4
2721;stammesfürsten;14;4
2722;zibon;5;4
2723;schenken;8;4
2724;deutung;7;4
2725;deuten;6;4
2726;reichen;7;4
2727;ägyptern;8;4
2728;hinabziehen;11;4
2729;haushalter;10;4
2730;sklaven;7;4
2731;hinaufziehen;12;4
2732;ephraims;8;4
2733;klage;5;4
2734;geist;5;5
2735;zweite;6;5
2736;kraut;5;5
2737;bäume;5;5
2738;seien;5;5
2739;sterne;6;5
2740;kriecht;7;5
2741;bilde;5;5
2742;früchten;8;5
2743;speise;6;5
2744;guten;5;5
2745;gold;4;5
2746;tier;4;5
2747;nennen;6;5
2748;beide;5;5
2749;werdet;6;5
2750;gegessen;8;5
2751;setzen;6;5
2752;deinetwillen;12;5
2753;opfer;5;5
2754;muß;3;5
2755;halten;6;5
2756;höret;5;5
2757;set;3;5
2758;fünfzig;7;5
2759;dreißig;7;5
2760;tagen;5;5
2761;geboten;7;5
2762;berge;5;5
2763;ab;2;5
2764;immer;5;5
2765;taube;5;5
2766;eigen;5;5
2767;führe;5;5
2768;ers;3;5
2769;draußen;7;5
2770;geschlechtern;13;5
2771;sprache;7;5
2772;name;4;5
2773;terach;6;5
2774;kind;4;5
2775;erworben;8;5
2776;bleibe;6;5
2777;schön;5;5
2778;gutes;5;5
2779;silber;6;5
2780;konnten;7;5
2781;hirten;6;5
2782;gegend;6;5
2783;hebron;6;5
2784;bela;4;5
2785;tal;3;5
2786;horiter;7;5
2787;wüste;5;5
2788;dan;3;5
2789;zurück;6;5
2790;wort;4;5
2791;leibe;5;5
2792;geführt;7;5
2793;widder;6;5
2794;vierhundert;11;5
2795;frieden;7;5
2796;missetat;8;5
2797;allmächtige;11;5
2798;vorhaut;7;5
2799;gesinde;7;5
2800;jahren;6;5
2801;aßen;4;5
2802;geschrei;8;5
2803;tut;3;5
2804;männern;7;5
2805;städte;6;5
2806;ältere;6;5
2807;jüngere;7;5
2808;geburt;6;5
2809;wasserbrunnen;13;5
2810;stellte;7;5
2811;gegraben;8;5
2812;holz;4;5
2813;toten;5;5
2814;hetitern;8;5
2815;tote;4;5
2816;tränken;7;5
2817;betuëls;7;5
2818;wußte;5;5
2819;hetiters;8;5
2820;erstgeborene;12;5
2821;hielt;5;5
2822;verkauft;8;5
2823;rechte;6;5
2824;geschehen;9;5
2825;basemat;7;5
2826;fülle;5;5
2827;träumte;7;5
2828;richtete;8;5
2829;silpa;5;5
2830;levi;4;5
2831;ziegen;6;5
2832;brachten;8;5
2833;unsern;6;5
2834;gestohlen;9;5
2835;wem;3;5
2836;zeuge;5;5
2837;geschenk;8;5
2838;neigten;7;5
2839;kaufte;6;5
2840;hure;4;5
2841;oholibama;9;5
2842;edomiter;8;5
2843;timna;5;5
2844;serach;6;5
2845;onan;4;5
2846;schela;6;5
2847;mageren;7;5
2848;redlich;7;5
2849;jüngsten;8;5
2850;zeichen;7;6
2851;feldes;6;6
2852;eurer;5;6
2853;geschaffen;10;6
2854;eden;4;6
2855;todes;5;6
2856;schlange;8;6
2857;wissen;6;6
2858;fürchtete;9;6
2859;verflucht;9;6
2860;viel;4;6
2861;wider;5;6
2862;hinfort;7;6
2863;hinweg;6;6
2864;lamech;6;6
2865;mache;5;6
2866;männchen;8;6
2867;weibchen;8;6
2868;erdboden;8;6
2869;wuchsen;7;6
2870;fuhr;4;6
2871;steht;5;6
2872;f;1;6
2873;bogen;5;6
2874;ewigen;6;6
2875;kanaans;7;6
2876;trank;5;6
2877;lag;3;6
2878;jüngster;8;6
2879;angetan;7;6
2880;philister;9;6
2881;länder;6;6
2882;wohnten;7;6
2883;offen;5;6
2884;zoar;4;6
2885;sieh;4;6
2886;zählen;6;6
2887;zwölf;5;6
2888;nachts;6;6
2889;güter;5;6
2890;fürchte;7;6
2891;sonne;5;6
2892;wegen;5;6
2893;angesehen;9;6
2894;ach;3;6
2895;wenig;5;6
2896;füße;4;6
2897;liebe;5;6
2898;ferne;5;6
2899;zwanzig;7;6
2900;tor;3;6
2901;eures;5;6
2902;übel;4;6
2903;sollten;7;6
2904;genannt;7;6
2905;herab;5;6
2906;früh;4;6
2907;jüngeren;8;6
2908;dannen;6;6
2909;herzu;5;6
2910;solches;7;6
2911;dachte;6;6
2912;zuvor;5;6
2913;hätte;5;6
2914;wohl;4;6
2915;schickte;8;6
2916;miteinander;11;6
2917;besonders;9;6
2918;lange;5;6
2919;dritten;7;6
2920;knabe;5;6
2921;sagt;4;6
2922;erbbegräbnis;12;6
2923;begrabe;7;6
2924;höre;4;6
2925;machpela;8;6
2926;hüfte;5;6
2927;senden;6;6
2928;kamelen;7;6
2929;schöpfen;8;6
2930;eilends;7;6
2931;rufen;5;6
2932;erzählte;8;6
2933;wildbret;8;6
2934;erstgeburt;10;6
2935;leibmagd;8;6
2936;gedient;7;6
2937;bilha;5;6
2938;zornig;6;6
2939;freundlich;10;6
2940;traten;6;6
2941;elifas;6;6
2942;grube;5;6
2943;tamar;5;6
2944;bäcker;6;6
2945;erste;5;7
2946;kap;3;7
2947;schuf;5;7
2948;meer;4;7
2949;große;5;7
2950;strom;5;7
2951;östlich;7;7
2952;allein;6;7
2953;heißen;6;7
2954;weibe;5;7
2955;ja;2;7
2956;machten;7;7
2957;erkannte;8;7
2958;nein;4;7
2959;ada;3;7
2960;nämlich;7;7
2961;nachdem;7;7
2962;jafet;5;7
2963;konnte;6;7
2964;fielen;6;7
2965;brandopfer;10;7
2966;ichs;4;7
2967;kanaaniter;10;7
2968;abrams;6;7
2969;nahors;6;7
2970;milka;5;7
2971;umbringen;9;7
2972;reich;5;7
2973;königs;6;7
2974;fünf;4;7
2975;floh;4;7
2976;fiel;4;7
2977;gegenüber;9;7
2978;dienen;6;7
2979;vätern;6;7
2980;maßen;5;7
2981;männlich;8;7
2982;eurem;5;7
2983;neigte;6;7
2984;herz;4;7
2985;trat;4;7
2986;hauses;6;7
2987;ließen;6;7
2988;komm;4;7
2989;sandte;6;7
2990;gehört;6;7
2991;angesagt;8;7
2992;genug;5;7
2993;raum;4;7
2994;kleider;7;7
2995;lieb;4;7
2996;tod;3;7
2997;wachsen;7;7
2998;sagten;6;7
2999;seele;5;7
3000;küßte;5;7
3001;rahels;6;7
3002;väter;5;7
3003;nehmt;5;7
3004;ana;3;7
3005;träume;6;7
3006;geträumt;8;7
3007;oberste;7;7
3008;wagen;5;7
3009;kundschafter;12;7
3010;säcke;5;7
3011;bringe;6;8
3012;jeder;5;8
3013;tragen;6;8
3014;jedes;5;8
3015;lebens;6;8
3016;böse;4;8
3017;zusammen;8;8
3018;lang;4;8
3019;abel;4;8
3020;händen;6;8
3021;schwer;6;8
3022;henoch;6;8
3023;ham;3;8
3024;herzen;6;8
3025;ohne;4;8
3026;daran;5;8
3027;eines;5;8
3028;zweiten;7;8
3029;samt;4;8
3030;ob;2;8
3031;darauf;6;8
3032;lebendigen;10;8
3033;gesetzt;7;8
3034;macht;5;8
3035;nahor;5;8
3036;führte;6;8
3037;verwandtschaft;14;8
3038;erschien;8;8
3039;hunger;6;8
3040;gebracht;8;8
3041;mach;4;8
3042;jahr;4;8
3043;lohn;4;8
3044;gebe;4;8
3045;hetiter;7;8
3046;sieht;5;8
3047;tu;2;8
3048;menge;5;8
3049;hart;4;8
3050;barmherzigkeit;14;8
3051;ismaels;7;8
3052;efron;5;8
3053;versammelt;10;8
3054;krug;4;8
3055;fragte;6;8
3056;sterbe;6;8
3057;labans;6;8
3058;leas;4;8
3059;dina;4;8
3060;bunten;6;8
3061;rock;4;8
3062;kleid;5;8
3063;manasse;7;8
3064;ephraim;7;8
3065;kaufen;6;8
3066;goschen;7;8
3067;seelen;6;8
3068;licht;5;9
3069;feste;5;9
3070;geschah;7;9
3071;denen;5;9
3072;bringt;6;9
3073;großes;6;9
3074;mehren;6;9
3075;tieren;6;9
3076;würde;5;9
3077;sollte;6;9
3078;aß;2;9
3079;adam;4;9
3080;wirst;5;9
3081;schlug;6;9
3082;blut;4;9
3083;andere;6;9
3084;sem;3;9
3085;sahen;5;9
3086;verderben;9;9
3087;ersten;6;9
3088;komme;5;9
3089;gerar;5;9
3090;können;6;9
3091;segnen;6;9
3092;rinder;6;9
3093;hob;3;9
3094;knechten;8;9
3095;entgegen;8;9
3096;gib;3;9
3097;zehn;4;9
3098;beschnitten;11;9
3099;gekauft;7;9
3100;fürsten;7;9
3101;zieht;5;9
3102;lege;4;9
3103;reise;5;9
3104;simeon;6;9
3105;hamor;5;9
3106;obersten;8;9
3107;ähren;5;9
3108;sack;4;9
3109;abend;5;10
3110;lebt;4;10
3111;bringen;7;10
3112;ganzen;6;10
3113;osten;5;10
3114;manne;5;10
3115;sollt;5;10
3116;weiß;4;10
3117;gebot;5;10
3118;gehen;5;10
3119;mirs;4;10
3120;rede;4;10
3121;gesehen;7;10
3122;noahs;5;10
3123;je;2;10
3124;bleiben;7;10
3125;hinter;6;10
3126;völkern;7;10
3127;gomorra;7;10
3128;hungersnot;10;10
3129;fremdling;9;10
3130;ägypter;7;10
3131;mägde;5;10
3132;mamre;5;10
3133;seïr;4;10
3134;liegt;5;10
3135;ismael;6;10
3136;wollte;6;10
3137;kindern;7;10
3138;finden;6;10
3139;geredet;7;10
3140;unserm;6;10
3141;beerscheba;10;10
3142;statt;5;10
3143;edom;4;10
3144;israels;7;10
3145;hinauf;6;10
3146;vgl;3;11
3147;himmels;7;11
3148;vögel;5;11
3149;fruchtbar;9;11
3150;gewürm;6;11
3151;vögeln;6;11
3152;hinein;6;11
3153;baum;4;11
3154;baute;5;11
3155;gebären;7;11
3156;aller;5;11
3157;begab;5;11
3158;tür;3;11
3159;oben;4;11
3160;nieder;6;11
3161;altar;5;11
3162;wein;4;11
3163;daselbst;8;11
3164;hinab;5;11
3165;zieh;4;11
3166;ort;3;11
3167;ehe;3;11
3168;könige;6;11
3169;trug;4;11
3170;lief;4;11
3171;höhle;5;11
3172;weinte;6;11
3173;mädchen;7;11
3174;segne;5;11
3175;kühe;4;11
3176;unsere;6;11
3177;becher;6;11
3178;haupt;5;11
3179;getier;6;12
3180;tiere;5;12
3181;all;3;12
3182;keine;5;12
3183;wäre;4;12
3184;stimme;6;12
3185;sage;4;12
3186;töchtern;8;12
3187;geh;3;12
3188;vierzig;7;12
3189;hände;5;12
3190;völker;6;12
3191;stein;5;12
3192;kann;4;12
3193;hagar;5;12
3194;vielleicht;10;12
3195;wege;4;12
3196;isaaks;6;12
3197;reden;5;12
3198;könnte;6;12
3199;trinken;7;12
3200;mesopotamien;12;12
3201;worte;5;12
3202;ruben;5;12
3203;gefängnis;9;12
3204;werde;5;13
3205;weib;4;13
3206;kein;4;13
3207;genommen;8;13
3208;hinaus;6;13
3209;heute;5;13
3210;abermals;8;13
3211;söhnen;6;13
3212;nehmen;6;13
3213;nimm;4;13
3214;gingen;6;13
3215;haran;5;13
3216;bethel;6;13
3217;gewesen;7;13
3218;begraben;8;13
3219;geht;4;13
3220;setzte;6;14
3221;jeden;5;14
3222;e;1;14
3223;garten;6;14
3224;gegen;5;14
3225;hörte;5;14
3226;herde;5;14
3227;andern;6;14
3228;ganzes;6;14
3229;sintflut;8;14
3230;groß;4;14
3231;fand;4;14
3232;blieb;5;14
3233;ganz;4;14
3234;zelt;4;14
3235;engel;5;14
3236;unser;5;14
3237;herden;6;14
3238;mensch;6;15
3239;heißt;5;15
3240;landes;6;15
3241;weg;3;15
3242;kain;4;15
3243;ihres;5;15
3244;dieser;6;15
3245;diesem;6;15
3246;heraus;6;15
3247;eure;4;15
3248;durch;5;15
3249;sagte;5;15
3250;euren;5;15
3251;daher;5;15
3252;sarai;5;15
3253;benjamin;8;15
3254;davon;5;16
3255;lassen;6;16
3256;acker;5;16
3257;feld;4;16
3258;gebirge;7;16
3259;segen;5;16
3260;diesen;6;16
3261;leute;5;16
3262;sichem;6;16
3263;esel;4;16
3264;kamele;6;16
3265;männer;6;16
3266;magd;4;16
3267;hab;3;16
3268;art;3;17
3269;gemacht;7;17
3270;brot;4;17
3271;wohnte;6;17
3272;gnade;5;17
3273;einer;5;17
3274;tun;3;17
3275;ziehen;6;17
3276;gesegnet;8;17
3277;dann;4;17
3278;knaben;6;17
3279;seid;4;18
3280;geworden;8;18
3281;namen;5;18
3282;gefunden;8;18
3283;wohnen;6;18
3284;nahmen;6;18
3285;drei;4;18
3286;deiner;6;18
3287;sehen;5;18
3288;laßt;4;18
3289;willst;6;18
3290;oder;4;18
3291;stand;5;18
3292;wollen;6;18
3293;habt;4;18
3294;gottes;6;19
3295;ganze;5;19
3296;brachte;7;19
3297;beiden;6;19
3298;wer;3;19
3299;hieß;4;19
3300;alter;5;19
3301;ihrer;5;19
3302;großen;6;19
3303;nichts;6;19
3304;redete;6;19
3305;damit;5;19
3306;weiter;6;19
3307;gekommen;8;19
3308;morgen;6;20
3309;zwei;4;20
3310;rief;4;20
3311;bruders;7;20
3312;sagen;5;20
3313;traum;5;20
3314;geld;4;20
3315;segnete;7;21
3316;machen;6;21
3317;sterben;7;21
3318;lebte;5;21
3319;arche;5;21
3320;darin;5;21
3321;brunnen;7;21
3322;kommt;5;21
3323;stätte;6;21
3324;antworteten;11;21
3325;fleisch;7;22
3326;sondern;7;22
3327;euer;4;22
3328;ägyptenland;11;22
3329;getreide;8;22
3330;willen;6;23
3331;sodom;5;23
3332;zogen;5;23
3333;meiner;6;23
3334;abimelech;9;23
3335;lea;3;23
3336;juda;4;23
3337;josefs;6;23
3338;nacht;5;24
3339;felde;5;24
3340;nur;3;24
3341;hatten;6;24
3342;esaus;5;24
3343;dazu;4;25
3344;sollen;6;25
3345;angesicht;9;25
3346;warum;5;25
3347;schwanger;9;25
3348;noah;4;25
3349;kommen;6;25
3350;ins;3;25
3351;schafe;6;25
3352;gegeben;7;26
3353;sehr;4;26
3354;einem;5;26
3355;mutter;6;26
3356;laß;3;26
3357;frauen;6;26
3358;schwester;9;26
3359;bund;4;26
3360;tag;3;27
3361;menschen;8;27
3362;weil;4;27
3363;vom;3;27
3364;getan;5;27
3365;starb;5;27
3366;hier;4;27
3367;abrahams;8;27
3368;rebekka;7;27
3369;gut;3;28
3370;essen;5;28
3371;mehr;4;28
3372;tat;3;28
3373;knechte;7;28
3374;legte;5;28
3375;israel;6;28
3376;d;1;29
3377;leben;5;29
3378;kinder;6;29
3379;deines;6;29
3380;sohnes;6;29
3381;geschlecht;10;29
3382;her;3;29
3383;himmel;6;30
3384;zwischen;8;30
3385;wo;2;30
3386;lot;3;30
3387;sara;4;30
3388;kamen;5;31
3389;knecht;6;31
3390;fürst;5;31
3391;darum;5;32
3392;geboren;7;32
3393;könig;5;32
3394;ihrem;5;33
3395;dies;4;33
3396;ihren;5;33
3397;volk;4;33
3398;rahel;5;33
3399;zeit;4;34
3400;gesagt;6;34
3401;brüdern;7;34
3402;allem;5;35
3403;wurden;6;35
3404;man;3;36
3405;allen;5;36
3406;nachkommen;10;36
3407;haus;4;36
3408;jakobs;6;36
3409;dort;4;37
3410;gab;3;37
3411;augen;5;37
3412;bist;4;38
3413;deinem;6;38
3414;meines;6;38
3415;brüder;6;38
3416;wasser;6;39
3417;ward;4;39
3418;ließ;4;40
3419;tage;4;40
3420;danach;6;40
3421;deinen;6;40
3422;stadt;5;40
3423;meinen;6;40
3424;kanaan;6;40
3425;tochter;7;40
3426;machte;6;41
3427;seines;6;41
3428;sprachen;8;41
3429;geben;5;42
3430;vieh;4;42
3431;sollst;6;42
3432;zog;3;42
3433;hause;5;42
3434;zur;3;43
3435;doch;4;43
3436;laban;5;43
3437;gebar;5;44
3438;antwortete;10;44
3439;haben;5;45
3440;mann;4;46
3441;wieder;6;46
3442;sieben;6;46
3443;bin;3;47
3444;hand;4;48
3445;alt;3;48
3446;töchter;7;48
3447;ihre;4;48
3448;für;3;49
3449;meinem;6;49
3450;sei;3;50
3451;zum;3;50
3452;c;1;51
3453;hin;3;51
3454;nannte;6;52
3455;ägypten;7;52
3456;esau;4;52
3457;zeugte;6;53
3458;ging;4;54
3459;kam;3;54
3460;erde;4;55
3461;diese;5;55
3462;abram;5;55
3463;noch;4;56
3464;erden;5;57
3465;waren;5;57
3466;nahm;4;57
3467;bis;3;57
3468;meine;5;57
3469;unter;5;58
3470;werden;6;58
3471;vaters;6;58
3472;dein;4;59
3473;am;2;61
3474;wenn;4;63
3475;sah;3;64
3476;wurde;5;64
3477;isaak;5;64
3478;bruder;6;65
3479;soll;4;67
3480;eine;4;68
3481;land;4;68
3482;hast;4;69
3483;deine;5;71
3484;lande;5;75
3485;seiner;6;78
3486;alles;5;79
3487;alle;4;79
3488;euch;4;82
3489;wird;4;82
3490;pharao;6;82
3491;dich;4;83
3492;über;4;85
3493;seinem;6;85
3494;bei;3;89
3495;siehe;5;90
3496;wir;3;90
3497;jahre;5;91
3498;aus;3;93
3499;wie;3;93
3500;frau;4;93
3501;um;2;94
3502;herrn;5;94
3503;abraham;7;95
3504;ihnen;5;96
3505;habe;4;96
3506;mein;4;96
3507;mich;4;104
3508;uns;3;106
3509;auch;4;107
3510;nun;3;110
3511;hat;3;111
3512;einen;5;112
3513;im;2;113
3514;sind;4;118
3515;vater;5;118
3516;josef;5;119
3517;was;3;120
3518;seinen;6;120
3519;vor;3;121
3520;b;1;122
3521;will;4;128
3522;hatte;5;129
3523;sohn;4;135
3524;herr;4;137
3525;söhne;5;138
3526;seine;5;152
3527;jakob;5;154
3528;ihr;3;155
3529;nach;4;156
3530;denn;4;162
3531;dir;3;163
3532;ein;3;169
3533;sich;4;171
3534;an;2;174
3535;sein;4;176
3536;es;2;178
3537;war;3;180
3538;mir;3;185
3539;ihn;3;186
3540;als;3;193
3541;so;2;198
3542;gott;4;200
3543;des;3;204
3544;ist;3;214
3545;nicht;5;238
3546;ihm;3;257
3547;aber;4;269
3548;in;2;272
3549;du;2;272
3550;mit;3;284
3551;daß;3;288
3552;da;2;291
3553;auf;3;298
3554;dem;3;299
3555;den;3;324
3556;von;3;331
3557;das;3;369
3558;a;1;374
3559;sprach;6;407
3560;ich;3;415
3561;sie;3;511
3562;zu;2;532
3563;er;2;545
3564;der;3;663
3565;die;3;707
3566;und;3;2514
